ID,Category,FileMaker Behavior,FMWeb Status,Gap Description,Complexity,Risk,Suggested Approach,Acceptance Criteria,Test Strategy,Evidence
BM-001,Browse Mode / Navigation,Users can switch modes reliably without losing context or causing render loops.,Implemented,Capability evidence is strong; recommend hardening/regression coverage to prevent drift.,S,Low,"Extend existing implementation paths in src/lib/browse-url-state.ts, src/lib/browse-url-state.ts and align behavior with expected FileMaker semantics.",Users can switch modes reliably without losing context or causing render loops.,Stress test repeated mode switches while editing and filtering records.,src/lib/browse-url-state.ts:1; src/lib/browse-url-state.ts:1; src/lib/browse-url-state.ts:2; src/lib/browse-url-state.ts:4; src/lib/browse-url-state.ts:12; src/lib/browse-url-state.ts:29
BM-002,Browse Mode / Navigation,First/prev/next/last and record jump update current record and status area consistently.,Implemented,Capability evidence is strong; recommend hardening/regression coverage to prevent drift.,S,Low,"Extend existing implementation paths in src/lib/runtime-kernel/foundset-store.ts, src/lib/runtime-kernel/foundset-store.ts and align behavior with expected FileMaker semantics.",First/prev/next/last and record jump update current record and status area consistently.,Integration tests for first/prev/next/last + jump input across view modes.,src/lib/runtime-kernel/foundset-store.ts:1; src/lib/runtime-kernel/foundset-store.ts:97; src/lib/runtime-kernel/foundset-store.ts:109; src/lib/runtime-kernel/foundset-store.ts:118; src/lib/runtime-kernel/foundset-store.ts:136; src/lib/runtime-kernel/foundset-store.ts:146
BM-003,Browse Mode / Find,"Find mode supports multiple requests, omit flags, and request navigation.",Implemented,Capability evidence is strong; recommend hardening/regression coverage to prevent drift.,S,Low,"Extend existing implementation paths in src/lib/find-mode.ts, src/lib/find-mode.ts and align behavior with expected FileMaker semantics.","Find mode supports multiple requests, omit flags, and request navigation.",Test add/duplicate/delete request and omit behavior against deterministic dataset.,src/lib/find-mode.ts:1; src/lib/find-mode.ts:3; src/lib/find-mode.ts:5; src/lib/find-mode.ts:7; src/lib/find-mode.ts:8; src/lib/find-mode.ts:25
BM-004,Browse Mode / Find,Found set commands modify active found set with clear status and deterministic behavior.,Implemented,Capability evidence is strong; recommend hardening/regression coverage to prevent drift.,S,Low,"Extend existing implementation paths in src/lib/find-mode.ts, src/lib/find-mode.ts and align behavior with expected FileMaker semantics.",Found set commands modify active found set with clear status and deterministic behavior.,Integration tests for constrain and extend preserving index when possible.,src/lib/find-mode.ts:1; src/lib/find-mode.ts:11; src/lib/find-mode.ts:453; src/lib/find-mode.ts:455; src/lib/find-mode.ts:461; src/lib/find-mode.ts:463
BM-005,Browse Mode / Find,"Users can save, run, modify, duplicate, and delete saved finds.",Implemented,Capability evidence is strong; recommend hardening/regression coverage to prevent drift.,S,Low,"Extend existing implementation paths in src/server/saved-search-storage.ts, src/server/saved-search-storage.ts and align behavior with expected FileMaker semantics.","Users can save, run, modify, duplicate, and delete saved finds.",Save/find/re-run/modify tests with persistence validation.,src/server/saved-search-storage.ts:1; src/server/saved-search-storage.ts:10; src/server/saved-search-storage.ts:16; src/server/saved-search-storage.ts:19; src/server/saved-search-storage.ts:44; src/server/saved-search-storage.ts:52
BM-006,Browse Mode / Found Sets,Users can persist found-set snapshots and reopen with graceful missing-record handling.,Implemented,Capability evidence is strong; recommend hardening/regression coverage to prevent drift.,S,Low,"Extend existing implementation paths in src/server/saved-search-storage.ts, src/server/saved-search-storage.ts and align behavior with expected FileMaker semantics.",Users can persist found-set snapshots and reopen with graceful missing-record handling.,Saved found set open should skip missing ids and report reconciliation summary.,src/server/saved-search-storage.ts:1; src/server/saved-search-storage.ts:30; src/server/saved-search-storage.ts:127; src/server/saved-search-storage.ts:128; src/server/saved-search-storage.ts:132; src/server/saved-search-storage.ts:174
BM-007,Browse Mode / Editing,"Leaving a field commits changes when allowed, without forcing explicit save each time.",Implemented,Capability evidence is strong; recommend hardening/regression coverage to prevent drift.,S,Low,"Extend existing implementation paths in app/api/layouts/[id]/route.ts, app/api/layouts/[id]/route.ts and align behavior with expected FileMaker semantics.","Leaving a field commits changes when allowed, without forcing explicit save each time.",Blur save test with record navigation and value persistence checks.,app/api/layouts/[id]/route.ts:71; app/api/layouts/[id]/route.ts:72; app/api/layouts/[id]/route.ts:77; app/api/layouts/[id]/route.ts:79; src/lib/edit-session/index.ts:1; src/lib/edit-session/index.ts:320
BM-008,Browse Mode / Editing,Dirty edits can be committed or reverted with prompts on navigation changes.,Implemented,Capability evidence is strong; recommend hardening/regression coverage to prevent drift.,S,Low,"Extend existing implementation paths in src/lib/edit-session/index.ts, src/lib/edit-session/index.ts and align behavior with expected FileMaker semantics.",Dirty edits can be committed or reverted with prompts on navigation changes.,Dirty prompt tests and per-record revert behavior validations.,src/lib/edit-session/index.ts:1; src/lib/edit-session/index.ts:16; src/lib/edit-session/index.ts:53; src/lib/edit-session/index.ts:110; src/lib/edit-session/index.ts:113; src/lib/edit-session/index.ts:115
BM-009,Browse Mode / Editing,Validation rules block invalid commits with field-level guidance.,Implemented,Capability evidence is strong; recommend hardening/regression coverage to prevent drift.,S,Low,"Extend existing implementation paths in src/lib/field-engine.ts, src/lib/field-engine.ts and align behavior with expected FileMaker semantics.",Validation rules block invalid commits with field-level guidance.,Validation failure tests for required/type/range/calc rules.,src/lib/field-engine.ts:1; src/lib/field-engine.ts:4; src/lib/field-engine.ts:7; src/lib/field-engine.ts:28; src/lib/field-engine.ts:32; src/lib/field-engine.ts:35
BM-010,Browse Mode / Editing,"Auto-enter options apply timestamps, account names, serials, and calc defaults at proper times.",Implemented,Capability evidence is strong; recommend hardening/regression coverage to prevent drift.,S,Low,"Extend existing implementation paths in src/lib/field-engine.ts, src/lib/field-engine.ts and align behavior with expected FileMaker semantics.","Auto-enter options apply timestamps, account names, serials, and calc defaults at proper times.",Create/update tests verifying auto-enter field values.,src/lib/field-engine.ts:1; src/lib/field-engine.ts:16; src/lib/field-engine.ts:19; src/lib/field-engine.ts:20; src/lib/field-engine.ts:21; src/lib/field-engine.ts:22
BM-011,Browse Mode / Views,"List view supports stable row selection, keyboard navigation, and optional inline edit.",Implemented,Capability evidence is strong; recommend hardening/regression coverage to prevent drift.,S,Low,"Extend existing implementation paths in app/api/admin/metrics/route.ts, app/api/admin/metrics/route.ts and align behavior with expected FileMaker semantics.","List view supports stable row selection, keyboard navigation, and optional inline edit.",List row select + keyboard up/down tests with selection sync.,app/api/admin/metrics/route.ts:4; app/api/admin/metrics/route.ts:20; src/lib/list-table-runtime.ts:1; src/lib/list-table-runtime.ts:2; src/lib/list-table-runtime.ts:8; src/lib/list-table-runtime.ts:9
BM-012,Browse Mode / Views,Table columns support reorder/resize/hide and header sort behavior with persistence.,Implemented,Capability evidence is strong; recommend hardening/regression coverage to prevent drift.,S,Low,"Extend existing implementation paths in src/server/view-config-storage.ts, src/server/view-config-storage.ts and align behavior with expected FileMaker semantics.",Table columns support reorder/resize/hide and header sort behavior with persistence.,Column config persistence and header sort toggle tests.,src/server/view-config-storage.ts:1; src/server/view-config-storage.ts:6; src/server/view-config-storage.ts:16; src/server/view-config-storage.ts:59; src/server/view-config-storage.ts:63; src/server/view-config-storage.ts:104
BM-013,Browse Mode / Views,"Preview mode is read-only, shows print-like output, and supports record navigation.",Implemented,Capability evidence is strong; recommend hardening/regression coverage to prevent drift.,S,Low,"Extend existing implementation paths in docs/preview-mode.md, docs/preview-mode.md and align behavior with expected FileMaker semantics.","Preview mode is read-only, shows print-like output, and supports record navigation.",Browse->Preview->Browse state-preservation tests and preview snapshot checks.,docs/preview-mode.md:1; docs/preview-mode.md:1; docs/preview-mode.md:4; docs/preview-mode.md:5; docs/preview-mode.md:6; docs/preview-mode.md:8
BM-014,Browse Mode / Controls,Value list controls present consistent stored/display values in browse and find criteria contexts.,Implemented,Capability evidence is strong; recommend hardening/regression coverage to prevent drift.,S,Low,"Extend existing implementation paths in app/api/workspaces/[workspaceId]/developer-tools/route.ts, app/api/workspaces/[workspaceId]/manage-value-lists/route.ts and align behavior with expected FileMaker semantics.",Value list controls present consistent stored/display values in browse and find criteria contexts.,Dropdown/radio/checkbox tests for display/stored mapping and find criteria.,app/api/workspaces/[workspaceId]/developer-tools/route.ts:134; app/api/workspaces/[workspaceId]/manage-value-lists/route.ts:60; app/api/workspaces/[workspaceId]/manage-value-lists/route.ts:86; app/api/workspaces/[workspaceId]/manage-value-lists/route.ts:104; app/api/workspaces/[workspaceId]/manage-value-lists/route.ts:116; src/lib/value-list-cache.ts:1
BM-015,Browse Mode / Controls,Date controls show calendar icon when enabled and allow date picking in portal and non-portal contexts.,Implemented,Capability evidence is strong; recommend hardening/regression coverage to prevent drift.,S,Low,"Extend existing implementation paths in app/globals.css, app/globals.css and align behavior with expected FileMaker semantics.",Date controls show calendar icon when enabled and allow date picking in portal and non-portal contexts.,Visual and interaction tests for include-icon flag across view contexts.,app/globals.css:1; app/globals.css:845; app/globals.css:858; app/globals.css:862; app/globals.css:866; app/globals.css:870
BM-016,Browse Mode / Controls,Container fields expose insert/export/clipboard actions with permission-aware states.,Implemented,Capability evidence is strong; recommend hardening/regression coverage to prevent drift.,S,Low,"Extend existing implementation paths in src/lib/container-runtime.ts, src/lib/container-runtime.ts and align behavior with expected FileMaker semantics.",Container fields expose insert/export/clipboard actions with permission-aware states.,Container menu action tests for insert/export with mock and filemaker sources.,src/lib/container-runtime.ts:1; src/lib/container-runtime.ts:1; src/lib/container-runtime.ts:3; src/lib/container-runtime.ts:5; src/lib/container-runtime.ts:6; src/lib/container-runtime.ts:10
BM-017,Browse Mode / Runtime,Status area exposes key record/find/sort/view actions relevant to active mode.,Implemented,Capability evidence is strong; recommend hardening/regression coverage to prevent drift.,S,Low,"Extend existing implementation paths in docs/status-menubar-parity.md, docs/status-menubar-parity.md and align behavior with expected FileMaker semantics.",Status area exposes key record/find/sort/view actions relevant to active mode.,Mode-specific status toolbar action tests with capability gating.,docs/status-menubar-parity.md:1; docs/status-menubar-parity.md:1; docs/status-menubar-parity.md:5; docs/status-menubar-parity.md:6; docs/status-menubar-parity.md:18; docs/status-menubar-parity.md:26
BM-018,Browse Mode / Runtime,Menubar displays expected command groups and keyboard shortcuts execute supported commands.,Implemented,Capability evidence is strong; recommend hardening/regression coverage to prevent drift.,S,Low,"Extend existing implementation paths in app/api/workspaces/[workspaceId]/developer-tools/route.ts, app/api/workspaces/[workspaceId]/developer-tools/route.ts and align behavior with expected FileMaker semantics.",Menubar displays expected command groups and keyboard shortcuts execute supported commands.,Menu command and shortcut dispatch tests by mode and role.,app/api/workspaces/[workspaceId]/developer-tools/route.ts:48; app/api/workspaces/[workspaceId]/developer-tools/route.ts:213; app/api/workspaces/[workspaceId]/developer-tools/route.ts:231; app/api/workspaces/[workspaceId]/developer-tools/route.ts:566; app/api/workspaces/[workspaceId]/developer-tools/route.ts:570; app/globals.css:13
BM-019,Browse Mode / Runtime,Users can switch among workspaces/files/windows with stable context and no stale entries.,Implemented,Capability evidence is strong; recommend hardening/regression coverage to prevent drift.,S,Low,"Extend existing implementation paths in src/server/workspace-context.ts, src/server/workspace-context.ts and align behavior with expected FileMaker semantics.",Users can switch among workspaces/files/windows with stable context and no stale entries.,Window menu list hygiene tests and workspace switch route tests.,src/server/workspace-context.ts:1; src/server/workspace-context.ts:5; src/server/workspace-context.ts:7; src/server/workspace-context.ts:20; src/server/workspace-context.ts:28; src/server/workspace-context.ts:31
BM-020,Browse Mode / Runtime,Runtime failures show actionable guidance while preserving debug details for developers.,Implemented,Capability evidence is strong; recommend hardening/regression coverage to prevent drift.,S,Low,"Extend existing implementation paths in components/app-layer-error-banner.tsx, components/app-layer-error-banner.tsx and align behavior with expected FileMaker semantics.",Runtime failures show actionable guidance while preserving debug details for developers.,Error rendering tests for known Data API failures and guidance mapping.,components/app-layer-error-banner.tsx:1; components/app-layer-error-banner.tsx:3; components/app-layer-error-banner.tsx:5; components/app-layer-error-banner.tsx:6; components/app-layer-error-banner.tsx:9; components/app-layer-error-banner.tsx:11
DR-001,Data & Relational / TO Context,Field references resolve via current TO or explicit TO::Field with deterministic fallback.,Implemented,Capability evidence is strong; recommend hardening/regression coverage to prevent drift.,S,Low,"Extend existing implementation paths in src/lib/runtime-kernel/context-stack.ts, src/lib/runtime-kernel/context-stack.ts and align behavior with expected FileMaker semantics.",Field references resolve via current TO or explicit TO::Field with deterministic fallback.,Context stack tests for explicit and implicit TO field references.,src/lib/runtime-kernel/context-stack.ts:1; src/lib/runtime-kernel/context-stack.ts:1; src/lib/runtime-kernel/context-stack.ts:3; src/lib/runtime-kernel/context-stack.ts:5; src/lib/runtime-kernel/context-stack.ts:9; src/lib/runtime-kernel/context-stack.ts:10
DR-002,Data & Relational / Relationships,Cross-file relationships route reads/writes to correct database and layout context.,Implemented,Capability evidence is strong; recommend hardening/regression coverage to prevent drift.,S,Low,"Extend existing implementation paths in src/server/filemaker-client.ts, src/server/filemaker-client.ts and align behavior with expected FileMaker semantics.",Cross-file relationships route reads/writes to correct database and layout context.,Workspace-multifile integration tests for cross-file field and portal actions.,src/server/filemaker-client.ts:1; src/server/filemaker-client.ts:17; src/server/filemaker-client.ts:19; src/server/filemaker-client.ts:20; src/server/filemaker-client.ts:21; src/server/workspace-multifile.ts:1
DR-003,Data & Relational / Relationships,Runtime can map each TO to writable layout context for Data API operations.,Implemented,Capability evidence is strong; recommend hardening/regression coverage to prevent drift.,S,Low,"Extend existing implementation paths in src/server/workspace-context.ts, src/server/workspace-context.ts and align behavior with expected FileMaker semantics.",Runtime can map each TO to writable layout context for Data API operations.,Routing tests for missing and resolved apiLayoutsByTableOccurrence mappings.,src/server/workspace-context.ts:1; src/server/workspace-context.ts:31; src/server/workspace-context.ts:35; src/server/workspace-context.ts:40; src/server/workspace-context.ts:43; src/server/workspace-multifile.ts:1
DR-004,Data & Relational / Found Sets,Large found sets support stable paging and current-record index semantics.,Implemented,Capability evidence is strong; recommend hardening/regression coverage to prevent drift.,S,Low,"Extend existing implementation paths in src/lib/list-table-runtime.ts, src/lib/runtime-kernel/foundset-store.ts and align behavior with expected FileMaker semantics.",Large found sets support stable paging and current-record index semantics.,"Found set store tests for goto index, refresh, and page transitions.",src/lib/list-table-runtime.ts:1; src/lib/runtime-kernel/foundset-store.ts:1; src/lib/runtime-kernel/foundset-store.ts:1; src/lib/runtime-kernel/foundset-store.ts:3; src/lib/runtime-kernel/foundset-store.ts:5; src/lib/runtime-kernel/foundset-store.ts:6
DR-005,Data & Relational / Found Sets,Sort and grouping specs drive grouped rows and summary outputs in list/table/preview.,Implemented,Capability evidence is strong; recommend hardening/regression coverage to prevent drift.,S,Low,"Extend existing implementation paths in src/lib/sort-reporting.ts, src/lib/sort-reporting.ts and align behavior with expected FileMaker semantics.",Sort and grouping specs drive grouped rows and summary outputs in list/table/preview.,Sort reporting tests for summary rows and grouped output stability.,src/lib/sort-reporting.ts:1; src/lib/sort-reporting.ts:2; src/lib/sort-reporting.ts:4; src/lib/sort-reporting.ts:5; src/lib/sort-reporting.ts:6; src/lib/summary-engine.ts:1
DR-006,Data & Relational / Portals,Portal rows render placed field objects and preserve control styles.,Implemented,Capability evidence is strong; recommend hardening/regression coverage to prevent drift.,S,Low,"Extend existing implementation paths in src/lib/portal-runtime.ts, src/lib/portal-runtime.ts and align behavior with expected FileMaker semantics.",Portal rows render placed field objects and preserve control styles.,Portal render tests ensuring no fallback grid overlays when template children exist.,src/lib/portal-runtime.ts:1; src/lib/portal-runtime.ts:1; src/lib/portal-runtime.ts:3; src/lib/portal-runtime.ts:4; src/lib/portal-runtime.ts:5; src/lib/portal-runtime.ts:6
DR-007,Data & Relational / Portals,Active row state and row delete actions obey portal setup and privileges.,Implemented,Capability evidence is strong; recommend hardening/regression coverage to prevent drift.,S,Low,"Extend existing implementation paths in docs/filemaker-regression-matrix.md, docs/filemaker-regression-matrix.md and align behavior with expected FileMaker semantics.",Active row state and row delete actions obey portal setup and privileges.,Portal active-row selection and delete action tests with allow-delete toggles.,docs/filemaker-regression-matrix.md:25; docs/filemaker-regression-matrix.md:147; docs/phase-3-plan.md:13; docs/phase-4-plan.md:111; docs/portals.md:18; src/lib/portal-runtime.ts:1
DR-008,Data & Relational / Portals,"When relationship allows creation, bottom portal placeholder row can create related records.",Implemented,Capability evidence is strong; recommend hardening/regression coverage to prevent drift.,S,Low,"Extend existing implementation paths in src/lib/portal-utils.ts, src/lib/portal-utils.ts and align behavior with expected FileMaker semantics.","When relationship allows creation, bottom portal placeholder row can create related records.",Portal placeholder row create tests with allow-create true/false fixtures.,src/lib/portal-utils.ts:1; src/lib/portal-utils.ts:1; src/lib/portal-utils.ts:3; src/lib/portal-utils.ts:5; src/lib/portal-utils.ts:9; src/lib/portal-utils.ts:18
DR-009,Data & Relational / Portals,Portal field writes resolve to correct related record id/mod id across parent navigation.,Implemented,Capability evidence is strong; recommend hardening/regression coverage to prevent drift.,S,Low,"Extend existing implementation paths in app/api/fm/container/upload/route.ts, app/api/fm/container/upload/route.ts and align behavior with expected FileMaker semantics.",Portal field writes resolve to correct related record id/mod id across parent navigation.,Portal save regression tests across multiple parent records.,app/api/fm/container/upload/route.ts:23; app/api/fm/container/upload/route.ts:33; app/api/fm/container/upload/route.ts:34; app/api/fm/container/upload/route.ts:46; src/lib/portal-runtime.ts:1; src/lib/portal-runtime.ts:29
DR-010,Data & Relational / Portals,Alternate row shading only appears when configured; active row state is explicit.,Implemented,Capability evidence is strong; recommend hardening/regression coverage to prevent drift.,S,Low,"Extend existing implementation paths in src/lib/portal-runtime.ts, src/lib/portal-runtime.ts and align behavior with expected FileMaker semantics.",Alternate row shading only appears when configured; active row state is explicit.,Row visual state tests for alternate and active flags combinations.,src/lib/portal-runtime.ts:1; src/lib/portal-runtime.ts:6; src/lib/portal-runtime.ts:7; src/lib/portal-runtime.ts:9; src/lib/portal-runtime.ts:13; src/lib/portal-runtime.ts:14
DR-011,Data & Relational / Repetition,Repeating fields render and commit per repetition with stable binding.,Implemented,Capability evidence is strong; recommend hardening/regression coverage to prevent drift.,S,Low,"Extend existing implementation paths in src/lib/repeating-fields.ts, src/lib/repeating-fields.ts and align behavior with expected FileMaker semantics.",Repeating fields render and commit per repetition with stable binding.,Repeating field binding tests for parse/update/commit paths.,src/lib/repeating-fields.ts:1; src/lib/repeating-fields.ts:1; src/lib/repeating-fields.ts:6; src/lib/repeating-fields.ts:15; src/lib/repeating-fields.ts:28; src/lib/repeating-fields.ts:30
DR-012,Data & Relational / Containers,Container assets can be fetched and uploaded without exposing Data API auth to browser.,Implemented,Capability evidence is strong; recommend hardening/regression coverage to prevent drift.,S,Low,"Extend existing implementation paths in app/api/fm/container/route.ts, app/api/fm/container/route.ts and align behavior with expected FileMaker semantics.",Container assets can be fetched and uploaded without exposing Data API auth to browser.,Container GET/POST route tests with host validation and upload success.,app/api/fm/container/route.ts:1; app/api/fm/container/route.ts:4; app/api/fm/container/route.ts:21; app/api/fm/container/route.ts:23; app/api/fm/container/route.ts:28; app/api/fm/container/upload/route.ts:1
DR-013,Data & Relational / Import,DDR import creates normalized workspace/layout metadata ready for rendering and editing.,Implemented,Capability evidence is strong; recommend hardening/regression coverage to prevent drift.,S,Low,"Extend existing implementation paths in app/api/workspaces/import/route.ts, app/api/workspaces/import/route.ts and align behavior with expected FileMaker semantics.",DDR import creates normalized workspace/layout metadata ready for rendering and editing.,"Import route tests with summary and direct DDR uploads, asserting workspace/layout artifacts.",app/api/workspaces/import/route.ts:1; app/api/workspaces/import/route.ts:6; app/api/workspaces/import/route.ts:7; app/api/workspaces/import/route.ts:13; app/api/workspaces/import/route.ts:14; scripts/import-ddr-layouts.mjs:1
DR-014,Data & Relational / Import,"Developers can snapshot, diff, and assess schema changes across versions/files.",Implemented,Capability evidence is strong; recommend hardening/regression coverage to prevent drift.,S,Low,"Extend existing implementation paths in components/developer-tools-panel.tsx, src/lib/schemaDiff/diff.ts and align behavior with expected FileMaker semantics.","Developers can snapshot, diff, and assess schema changes across versions/files.",Dev tools tests for snapshot creation and diff result determinism.,components/developer-tools-panel.tsx:1; src/lib/schemaDiff/diff.ts:1; src/lib/schemaDiff/index.ts:1; src/lib/schemaDiff/types.ts:1; src/lib/schemaSnapshot/create.ts:1; src/lib/schemaSnapshot/index.ts:1
DR-015,Data & Relational / Import,"TO relationships can be explored visually, including cross-file edges.",Implemented,Capability evidence is strong; recommend hardening/regression coverage to prevent drift.,S,Low,"Extend existing implementation paths in components/developer-tools-panel.tsx, components/developer-tools-panel.tsx and align behavior with expected FileMaker semantics.","TO relationships can be explored visually, including cross-file edges.",Graph builder tests and developer tools UI filter/search interactions.,components/developer-tools-panel.tsx:1; components/developer-tools-panel.tsx:30; components/developer-tools-panel.tsx:33; components/developer-tools-panel.tsx:40; components/developer-tools-panel.tsx:143; src/lib/relationshipGraph/index.ts:1
DX-001,Developer Experience / Tooling,"Developers can access schema snapshots, diffs, impacts, and migrations in one place.",Implemented,Capability evidence is strong; recommend hardening/regression coverage to prevent drift.,S,Low,"Extend existing implementation paths in app/api/workspaces/[workspaceId]/developer-tools/route.ts, app/api/workspaces/[workspaceId]/developer-tools/route.ts and align behavior with expected FileMaker semantics.","Developers can access schema snapshots, diffs, impacts, and migrations in one place.",Dev tools API and panel tests for snapshot->diff->impact workflows.,app/api/workspaces/[workspaceId]/developer-tools/route.ts:1; app/api/workspaces/[workspaceId]/developer-tools/route.ts:3; app/api/workspaces/[workspaceId]/developer-tools/route.ts:4; app/api/workspaces/[workspaceId]/developer-tools/route.ts:5; app/api/workspaces/[workspaceId]/developer-tools/route.ts:6; components/developer-tools-panel.tsx:1
DX-002,Developer Experience / Tooling,Schema diffs can become ordered migration plans with safety metadata.,Implemented,Capability evidence is strong; recommend hardening/regression coverage to prevent drift.,S,Low,"Extend existing implementation paths in src/lib/migrations/apply.ts, src/lib/migrations/apply.ts and align behavior with expected FileMaker semantics.",Schema diffs can become ordered migration plans with safety metadata.,Migration generate/apply unit tests with reversible and destructive flags.,src/lib/migrations/apply.ts:1; src/lib/migrations/apply.ts:9; src/lib/migrations/apply.ts:57; src/lib/migrations/apply.ts:70; src/lib/migrations/apply.ts:82; src/lib/migrations/generate.ts:1
DX-003,Developer Experience / Tooling,Change impact reports identify broken references and affected artifacts.,Implemented,Capability evidence is strong; recommend hardening/regression coverage to prevent drift.,S,Low,"Extend existing implementation paths in src/lib/dev-tools.test.mts, src/lib/dev-tools.test.mts and align behavior with expected FileMaker semantics.",Change impact reports identify broken references and affected artifacts.,Impact analysis tests for deleted field references.,src/lib/dev-tools.test.mts:1; src/lib/dev-tools.test.mts:3; src/lib/dev-tools.test.mts:215; src/lib/dev-tools.test.mts:220; src/lib/dev-tools.test.mts:227; src/lib/impactAnalysis/index.ts:1
DX-004,Developer Experience / Tooling,Snapshots are stable and comparable across runs.,Implemented,Capability evidence is strong; recommend hardening/regression coverage to prevent drift.,S,Low,"Extend existing implementation paths in src/lib/dev-tools.test.mts, src/lib/dev-tools.test.mts and align behavior with expected FileMaker semantics.",Snapshots are stable and comparable across runs.,Snapshot normalization tests with stable ordering assertions.,src/lib/dev-tools.test.mts:1; src/lib/dev-tools.test.mts:6; src/lib/dev-tools.test.mts:7; src/lib/dev-tools.test.mts:8; src/lib/dev-tools.test.mts:10; src/lib/schemaSnapshot/normalize.ts:1
DX-005,Developer Experience / App Layer,"Manage/app-layer items are implemented, partial, or disabled with rationale and docs links.",Implemented,Capability evidence is strong; recommend hardening/regression coverage to prevent drift.,S,Low,"Extend existing implementation paths in src/config/appLayerCapabilities.ts, src/config/appLayerCapabilities.ts and align behavior with expected FileMaker semantics.","Manage/app-layer items are implemented, partial, or disabled with rationale and docs links.",App-layer capability tests for enabled/disabled behavior and rationale modal.,src/config/appLayerCapabilities.ts:1; src/config/appLayerCapabilities.ts:4; src/config/appLayerCapabilities.ts:5; src/config/appLayerCapabilities.ts:6; src/config/appLayerCapabilities.ts:7; src/config/appLayerCapabilities.ts:8
DX-006,Developer Experience / App Layer,Manager screens include context selectors for multi-file workspaces.,Implemented,Capability evidence is strong; recommend hardening/regression coverage to prevent drift.,S,Low,"Extend existing implementation paths in src/server/app-layer-storage.ts, src/server/app-layer-storage.ts and align behavior with expected FileMaker semantics.",Manager screens include context selectors for multi-file workspaces.,Manager screen tests for file selector state changes.,src/server/app-layer-storage.ts:1; src/server/app-layer-storage.ts:4; src/server/app-layer-storage.ts:5; src/server/app-layer-storage.ts:6; src/server/app-layer-storage.ts:7; src/server/app-layer-storage.ts:31
DX-007,Developer Experience / App Layer,Closing dirty dialogs prompts user before discarding changes.,Implemented,Capability evidence is strong; recommend hardening/regression coverage to prevent drift.,S,Low,"Extend existing implementation paths in app/api/workspaces/[workspaceId]/governance/route.ts, app/api/workspaces/[workspaceId]/governance/route.ts and align behavior with expected FileMaker semantics.",Closing dirty dialogs prompts user before discarding changes.,Dialog close interception tests with dirty state.,app/api/workspaces/[workspaceId]/governance/route.ts:181; app/api/workspaces/[workspaceId]/governance/route.ts:249; app/api/workspaces/[workspaceId]/governance/route.ts:252; app/api/workspaces/[workspaceId]/governance/route.ts:253; app/api/workspaces/[workspaceId]/governance/route.ts:321; app/api/workspaces/[workspaceId]/governance/route.ts:324
DX-008,Developer Experience / Quality,Key UI flows are covered by regression tests to prevent repeated break/fix cycles.,Implemented,Capability evidence is strong; recommend hardening/regression coverage to prevent drift.,S,Low,"Extend existing implementation paths in package.json, package.json and align behavior with expected FileMaker semantics.",Key UI flows are covered by regression tests to prevent repeated break/fix cycles.,Run test:ui-regression with portal + mode-switch + menu-action fixtures.,package.json:1; package.json:25; package.json:34; package.json:51; package.json:65; src/lib/menu-action-coverage.test.mts:1
DX-009,Developer Experience / Quality,Visual fidelity regressions are detected with screenshot baselines and metric reports.,Implemented,Capability evidence is strong; recommend hardening/regression coverage to prevent drift.,S,Low,"Extend existing implementation paths in docs/layout-fidelity-fixtures.json, scripts/layout-fidelity.mts and align behavior with expected FileMaker semantics.",Visual fidelity regressions are detected with screenshot baselines and metric reports.,Run test:layout-fidelity and baseline update scripts with fixture manifest.,docs/layout-fidelity-fixtures.json:1; scripts/layout-fidelity.mts:1; scripts/layout-fidelity.mts:5; scripts/layout-fidelity.mts:12; scripts/layout-fidelity.mts:19; scripts/layout-fidelity.mts:142
DX-010,Developer Experience / Quality,CI outputs parity status summaries for key domains before release.,Implemented,Capability evidence is strong; recommend hardening/regression coverage to prevent drift.,S,Low,"Extend existing implementation paths in .github/workflows/ci.yml, .github/workflows/ci.yml and align behavior with expected FileMaker semantics.",CI outputs parity status summaries for key domains before release.,CI workflow test to assert parity checklist files generated and non-empty.,.github/workflows/ci.yml:1; .github/workflows/ci.yml:1; .github/workflows/ci.yml:24; .github/workflows/ci.yml:35; .github/workflows/ci.yml:36; docs/runtime-gap-report.md:1
LM-001,Layout Mode / Selection,"Layout Mode supports precise click, shift-click, and marquee selection with deterministic selection sets.",Implemented,Capability evidence is strong; recommend hardening/regression coverage to prevent drift.,S,Low,"Extend existing implementation paths in app/globals.css, app/globals.css and align behavior with expected FileMaker semantics.","Layout Mode supports precise click, shift-click, and marquee selection with deterministic selection sets.","Run pointer interaction tests for click, shift-click, marquee-add, marquee-remove across grouped and portal objects.",app/globals.css:552; app/globals.css:1390; app/globals.css:2927; app/globals.css:2936; app/globals.css:7954; src/lib/layout-arrange.ts:1
LM-002,Layout Mode / Selection,Grouped objects move and resize as a unit while preserving child relative geometry.,Implemented,Capability evidence is strong; recommend hardening/regression coverage to prevent drift.,S,Low,"Extend existing implementation paths in src/lib/layout-model.ts, src/lib/layout-model.ts and align behavior with expected FileMaker semantics.",Grouped objects move and resize as a unit while preserving child relative geometry.,Group/un-group roundtrip tests must preserve child bounds and z-order.,src/lib/layout-model.ts:1; src/lib/layout-model.ts:213; src/lib/layout-model.ts:214; src/lib/layout-model.ts:216; src/lib/layout-model.ts:268; src/lib/layout-model.ts:269
LM-003,Layout Mode / Arrange,Arrange commands deterministically change object stacking order.,Implemented,Capability evidence is strong; recommend hardening/regression coverage to prevent drift.,S,Low,"Extend existing implementation paths in src/lib/layout-arrange.ts, src/lib/layout-arrange.ts and align behavior with expected FileMaker semantics.",Arrange commands deterministically change object stacking order.,Z-order point-hit tests across overlapping object fixtures.,src/lib/layout-arrange.ts:1; src/lib/layout-arrange.ts:16; src/lib/layout-arrange.ts:20; src/lib/layout-arrange.ts:21; src/lib/layout-arrange.ts:22; src/lib/layout-arrange.ts:27
LM-004,Layout Mode / Arrange,Align/distribute uses selected object boundary math similar to FileMaker.,Implemented,Capability evidence is strong; recommend hardening/regression coverage to prevent drift.,S,Low,"Extend existing implementation paths in app/globals.css, app/globals.css and align behavior with expected FileMaker semantics.",Align/distribute uses selected object boundary math similar to FileMaker.,Unit tests for left/right/top/bottom/center align and distribute spacing on mixed selections.,app/globals.css:278; app/globals.css:285; app/globals.css:319; app/globals.css:457; app/globals.css:518; src/lib/layout-arrange.ts:1
LM-005,Layout Mode / Guides,Rulers and guides are visually aligned to canvas coordinates and snapping toggles.,Implemented,Capability evidence is strong; recommend hardening/regression coverage to prevent drift.,S,Low,"Extend existing implementation paths in app/globals.css, app/globals.css and align behavior with expected FileMaker semantics.",Rulers and guides are visually aligned to canvas coordinates and snapping toggles.,Visual regressions at different zoom levels for ruler ticks and guide intersections.,app/globals.css:1; app/globals.css:209; app/globals.css:253; app/globals.css:255; app/globals.css:256; app/globals.css:260
LM-006,Layout Mode / Canvas,Canvas can be locked in Layout Mode while autosize anchor metadata remains editable.,Implemented,Capability evidence is strong; recommend hardening/regression coverage to prevent drift.,S,Low,"Extend existing implementation paths in src/lib/layout-model.ts, src/lib/layout-model.ts and align behavior with expected FileMaker semantics.",Canvas can be locked in Layout Mode while autosize anchor metadata remains editable.,Mutation commands should no-op when canvas locked; anchor props still persist.,src/lib/layout-model.ts:1; src/lib/layout-model.ts:145; src/lib/layout-model.ts:146; src/lib/layout-model.ts:147; src/lib/layout-model.ts:148; src/lib/layout-model.ts:214
LM-007,Layout Mode / Layout Parts,Header/body/footer and summary parts resize with expected object repositioning semantics.,Implemented,Capability evidence is strong; recommend hardening/regression coverage to prevent drift.,S,Low,"Extend existing implementation paths in src/lib/layout-model.ts, src/lib/layout-model.ts and align behavior with expected FileMaker semantics.",Header/body/footer and summary parts resize with expected object repositioning semantics.,Part resize tests verify object y-offset transforms for adjacent parts.,src/lib/layout-model.ts:1; src/lib/layout-model.ts:99; src/lib/layout-model.ts:315; src/lib/layout-model.ts:316; src/lib/layout-model.ts:318; src/lib/layout-model.ts:319
LM-008,Layout Mode / Palette,Dragging fields onto layout can create field+label patterns with consistent placement modes.,Implemented,Capability evidence is strong; recommend hardening/regression coverage to prevent drift.,S,Low,"Extend existing implementation paths in app/diagnostics/parity/page.tsx, app/diagnostics/parity/page.tsx and align behavior with expected FileMaker semantics.",Dragging fields onto layout can create field+label patterns with consistent placement modes.,Drag field placement snapshot tests for side-by-side and stacked modes.,app/diagnostics/parity/page.tsx:149; app/diagnostics/parity/page.tsx:162; app/globals.css:725; app/globals.css:733; src/lib/layout-utils.ts:1; src/lib/layout-utils.ts:15
LM-009,Layout Mode / Inspector,Inspector edits x/y/width/height and z values directly with immediate visual update.,Implemented,Capability evidence is strong; recommend hardening/regression coverage to prevent drift.,S,Low,"Extend existing implementation paths in src/lib/layout-model.ts, src/lib/layout-model.ts and align behavior with expected FileMaker semantics.",Inspector edits x/y/width/height and z values directly with immediate visual update.,Inspector value updates should mutate selected object and persist to layout JSON.,src/lib/layout-model.ts:1; src/lib/layout-model.ts:13; src/lib/layout-model.ts:16; src/lib/layout-model.ts:17; src/lib/layout-model.ts:33; src/lib/layout-model.ts:54
LM-010,Layout Mode / Inspector,"Font, size, color, alignment, borders, fills, shadows map to object styles.",Implemented,Capability evidence is strong; recommend hardening/regression coverage to prevent drift.,S,Low,"Extend existing implementation paths in src/lib/layout-fidelity/style-resolver.ts, src/lib/layout-fidelity/style-resolver.ts and align behavior with expected FileMaker semantics.","Font, size, color, alignment, borders, fills, shadows map to object styles.",Style field changes must persist and map to runtime style resolver output.,src/lib/layout-fidelity/style-resolver.ts:1; src/lib/layout-fidelity/style-resolver.ts:6; src/lib/layout-fidelity/style-resolver.ts:7; src/lib/layout-fidelity/style-resolver.ts:9; src/lib/layout-fidelity/style-resolver.ts:12; src/lib/layout-fidelity/style-resolver.ts:14
LM-011,Layout Mode / Inspector,Developers can define conditional style and visibility rules at object level.,Implemented,Capability evidence is strong; recommend hardening/regression coverage to prevent drift.,S,Low,"Extend existing implementation paths in app/globals.css, app/globals.css and align behavior with expected FileMaker semantics.",Developers can define conditional style and visibility rules at object level.,Rule save + runtime eval tests for hideObjectWhen and conditional formatting outputs.,app/globals.css:5175; app/globals.css:5182; app/globals.css:5183; app/globals.css:5184; src/lib/fmcalc/index.ts:1; src/lib/fmcalc/index.ts:1418
LM-012,Layout Mode / Objects,Field objects support control types and display options matching inspector settings.,Implemented,Capability evidence is strong; recommend hardening/regression coverage to prevent drift.,S,Low,"Extend existing implementation paths in app/api/admin/metrics/route.ts, app/api/fm/records/route.ts and align behavior with expected FileMaker semantics.",Field objects support control types and display options matching inspector settings.,Render each control type in layout and browse mode and assert visual affordances.,app/api/admin/metrics/route.ts:16; app/api/fm/records/route.ts:8; app/api/fm/records/route.ts:200; app/api/fm/records/route.ts:211; app/api/fm/records/route.ts:227; app/api/fm/records/route.ts:232
LM-013,Layout Mode / Objects,Buttons support script/layout actions; button bars support segment configuration.,Implemented,Capability evidence is strong; recommend hardening/regression coverage to prevent drift.,S,Low,"Extend existing implementation paths in src/lib/layout-model.ts, src/lib/layout-model.ts and align behavior with expected FileMaker semantics.",Buttons support script/layout actions; button bars support segment configuration.,Button action bindings should execute correct runtime command in browse mode.,src/lib/layout-model.ts:1; src/lib/layout-model.ts:4; src/lib/layout-model.ts:23; src/lib/layout-model.ts:170; src/lib/layout-model.ts:171; src/lib/layout-model.ts:172
LM-014,Layout Mode / Objects,"Panel objects support tab labels, default tab, and panel navigation properties.",Implemented,Capability evidence is strong; recommend hardening/regression coverage to prevent drift.,S,Low,"Extend existing implementation paths in src/lib/tabs-runtime.ts, src/lib/tabs-runtime.ts and align behavior with expected FileMaker semantics.","Panel objects support tab labels, default tab, and panel navigation properties.",Panel config changes should alter browse-mode panel behavior and active tab serialization.,src/lib/tabs-runtime.ts:1; src/lib/tabs-runtime.ts:3; src/lib/tabs-runtime.ts:18; src/lib/tabs-runtime.ts:20; src/lib/tabs-runtime.ts:23; src/lib/tabs-runtime.ts:28
LM-015,Layout Mode / Objects,Popover button and popover panel metadata can be configured in layout mode.,Implemented,Capability evidence is strong; recommend hardening/regression coverage to prevent drift.,S,Low,"Extend existing implementation paths in app/globals.css, app/globals.css and align behavior with expected FileMaker semantics.",Popover button and popover panel metadata can be configured in layout mode.,Popover config persists and runtime popover opens with expected geometry and title.,app/globals.css:1624; app/globals.css:1681; app/globals.css:1687; app/globals.css:1723; app/globals.css:1821; app/globals.css:1872
LM-016,Layout Mode / Portals,"Portal setup supports rows, sorting, filtering, delete permission, and row state toggles.",Implemented,Capability evidence is strong; recommend hardening/regression coverage to prevent drift.,S,Low,"Extend existing implementation paths in src/lib/portal-utils.ts, src/lib/portal-utils.ts and align behavior with expected FileMaker semantics.","Portal setup supports rows, sorting, filtering, delete permission, and row state toggles.",Portal setup changes should alter browse-mode portal rendering and behavior.,src/lib/portal-utils.ts:1; src/lib/portal-utils.ts:1; src/lib/portal-utils.ts:3; src/lib/portal-utils.ts:5; src/lib/portal-utils.ts:9; src/lib/portal-utils.ts:54
LM-017,Layout Mode / Portals,Related fields are positioned in portal template row and row separator is visible.,Implemented,Capability evidence is strong; recommend hardening/regression coverage to prevent drift.,S,Low,"Extend existing implementation paths in app/globals.css, app/globals.css and align behavior with expected FileMaker semantics.",Related fields are positioned in portal template row and row separator is visible.,Visual regression for portal layout mode with only native separator/overlay elements.,app/globals.css:1; app/globals.css:239; app/globals.css:256; app/globals.css:340; app/globals.css:596; app/globals.css:629
LM-018,Layout Mode / Workflow,New Layout flow offers template choices and generates reasonable starter layout structures.,Implemented,Capability evidence is strong; recommend hardening/regression coverage to prevent drift.,S,Low,"Extend existing implementation paths in app/globals.css, app/globals.css and align behavior with expected FileMaker semantics.",New Layout flow offers template choices and generates reasonable starter layout structures.,Template selection should produce expected parts and starter object sets.,app/globals.css:256; app/globals.css:340; src/server/layout-storage.ts:1; src/server/layout-storage.ts:89; src/server/layout-storage.ts:118; src/server/layout-storage.ts:137
LM-019,Layout Mode / Workflow,Copy/paste/duplicate operations preserve style/binding semantics and assign new ids.,Implemented,Capability evidence is strong; recommend hardening/regression coverage to prevent drift.,S,Low,"Extend existing implementation paths in src/lib/layout-utils.ts, src/lib/layout-utils.ts and align behavior with expected FileMaker semantics.",Copy/paste/duplicate operations preserve style/binding semantics and assign new ids.,Duplicated objects must receive unique ids and retain props except identity.,src/lib/layout-utils.ts:1; src/lib/layout-utils.ts:6; src/lib/layout-utils.ts:11; src/lib/layout-utils.ts:28; src/lib/layout-utils.ts:31; src/lib/layout-utils.ts:32
LM-020,Layout Mode / Workflow,Tab order editing overlays numeric sequence and resolves to deterministic runtime order.,Implemented,Capability evidence is strong; recommend hardening/regression coverage to prevent drift.,S,Low,"Extend existing implementation paths in src/lib/tab-order.ts, src/lib/tab-order.ts and align behavior with expected FileMaker semantics.",Tab order editing overlays numeric sequence and resolves to deterministic runtime order.,Tab order assignment and runtime traversal tests for hidden/disabled/portal contexts.,src/lib/tab-order.ts:1; src/lib/tab-order.ts:10; src/lib/tab-order.ts:12; src/lib/tab-order.ts:29; src/lib/tab-order.ts:36; src/lib/tab-order.ts:42
PF-001,Performance / Found Sets,Large found sets avoid full in-memory ids and support page-based navigation.,Implemented,Capability evidence is strong; recommend hardening/regression coverage to prevent drift.,S,Low,"Extend existing implementation paths in scripts/bench-perf.mts, scripts/bench-perf.mts and align behavior with expected FileMaker semantics.",Large found sets avoid full in-memory ids and support page-based navigation.,Found set paging benchmarks with synthetic 100k scenarios.,scripts/bench-perf.mts:1; scripts/bench-perf.mts:84; scripts/bench-perf.mts:132; src/lib/runtime-kernel/foundset-store.ts:1; src/lib/runtime-kernel/foundset-store.ts:8; src/lib/runtime-kernel/foundset-store.ts:9
PF-002,Performance / Rendering,List and table rendering use virtualization for large record sets.,Implemented,Capability evidence is strong; recommend hardening/regression coverage to prevent drift.,S,Low,"Extend existing implementation paths in src/lib/performance/virtual-window.ts, src/lib/performance/virtual-window.ts and align behavior with expected FileMaker semantics.",List and table rendering use virtualization for large record sets.,Virtual window tests for visible range correctness.,src/lib/performance/virtual-window.ts:1; src/lib/performance/virtual-window.ts:1; src/lib/performance/virtual-window.ts:6; src/lib/performance/virtual-window.ts:10; src/lib/performance/virtual-window.ts:39; src/lib/performance/virtual-window.ts:53
PF-003,Performance / Rendering,Portal rows are incrementally rendered/paged for large related sets.,Implemented,Capability evidence is strong; recommend hardening/regression coverage to prevent drift.,S,Low,"Extend existing implementation paths in src/lib/performance/virtual-window.ts, src/lib/performance/virtual-window.ts and align behavior with expected FileMaker semantics.",Portal rows are incrementally rendered/paged for large related sets.,Portal benchmark tests with high row counts and edit interactions.,src/lib/performance/virtual-window.ts:1; src/lib/performance/virtual-window.ts:1; src/lib/performance/virtual-window.ts:3; src/lib/performance/virtual-window.ts:5; src/lib/performance/virtual-window.ts:10; src/lib/performance/virtual-window.ts:39
PF-004,Performance / Data Access,Repeated identical read requests share cache/in-flight promises.,Implemented,Capability evidence is strong; recommend hardening/regression coverage to prevent drift.,S,Low,"Extend existing implementation paths in src/server/filemaker-client.ts, src/server/performance/request-cache.ts and align behavior with expected FileMaker semantics.",Repeated identical read requests share cache/in-flight promises.,Request cache tests validating hits/misses and coalescing.,src/server/filemaker-client.ts:1; src/server/performance/request-cache.ts:1; src/server/performance/request-cache.ts:9; src/server/performance/request-cache.ts:10; src/server/performance/request-cache.ts:11; src/server/performance/request-cache.ts:39
PF-005,Performance / Data Access,Transient Data API failures are retried with bounded backoff and circuit state tracking.,Implemented,Capability evidence is strong; recommend hardening/regression coverage to prevent drift.,S,Low,"Extend existing implementation paths in src/server/filemaker-client.ts, src/server/filemaker-client.ts and align behavior with expected FileMaker semantics.",Transient Data API failures are retried with bounded backoff and circuit state tracking.,Circuit breaker and retry unit tests with transient error simulation.,src/server/filemaker-client.ts:1; src/server/filemaker-client.ts:4; src/server/filemaker-client.ts:81; src/server/filemaker-client.ts:82; src/server/filemaker-client.ts:114; src/server/resilience/circuit-breaker.ts:1
PF-006,Performance / Calc,Calc evaluations are bounded and re-evaluated only when dependencies change.,Implemented,Capability evidence is strong; recommend hardening/regression coverage to prevent drift.,S,Low,"Extend existing implementation paths in src/lib/fmcalc/index.ts, src/lib/fmcalc/index.ts and align behavior with expected FileMaker semantics.",Calc evaluations are bounded and re-evaluated only when dependencies change.,Calc evaluation count tests after unrelated field edits.,src/lib/fmcalc/index.ts:1; src/lib/fmcalc/index.ts:1; src/lib/fmcalc/index.ts:12; src/lib/fmcalc/index.ts:70; src/lib/fmcalc/index.ts:76; src/lib/fmcalc/index.ts:81
PF-007,Performance / Script,Script runtime avoids unnecessary context rebuilds and reports step timing.,Implemented,Capability evidence is strong; recommend hardening/regression coverage to prevent drift.,S,Low,"Extend existing implementation paths in src/lib/runtime-kernel/script-engine.ts, src/lib/runtime-kernel/script-engine.ts and align behavior with expected FileMaker semantics.",Script runtime avoids unnecessary context rebuilds and reports step timing.,Advanced script tests and perf metrics validation.,src/lib/runtime-kernel/script-engine.ts:1; src/lib/runtime-kernel/script-engine.ts:7; src/lib/runtime-kernel/script-engine.ts:13; src/lib/runtime-kernel/script-engine.ts:14; src/lib/runtime-kernel/script-engine.ts:15; src/lib/runtime-kernel/script-engine.ts:16
PF-008,Performance / Observability,Developers can correlate UI actions with API and runtime metrics.,Implemented,Capability evidence is strong; recommend hardening/regression coverage to prevent drift.,S,Low,"Extend existing implementation paths in scripts/bench-perf.mts, scripts/bench-perf.mts and align behavior with expected FileMaker semantics.",Developers can correlate UI actions with API and runtime metrics.,Profiler output schema tests and trace-id propagation checks.,scripts/bench-perf.mts:1; scripts/bench-perf.mts:186; src/server/observability.ts:1; src/server/observability.ts:12; src/server/observability.ts:48; src/server/observability.ts:52
PF-009,Performance / Benchmarks,Performance benchmarks are repeatable and can gate CI regressions.,Implemented,Capability evidence is strong; recommend hardening/regression coverage to prevent drift.,S,Low,"Extend existing implementation paths in docs/performance-benchmarks.md, docs/performance-benchmarks.md and align behavior with expected FileMaker semantics.",Performance benchmarks are repeatable and can gate CI regressions.,Benchmark script deterministic output checks.,docs/performance-benchmarks.md:1; docs/performance-benchmarks.md:1; docs/performance-benchmarks.md:6; docs/performance-benchmarks.md:11; docs/performance-benchmarks.md:17; scripts/bench-perf.mts:1
PF-010,Performance / Memory,Long sessions should avoid unbounded growth in cache and diagnostics buffers.,Implemented,Capability evidence is strong; recommend hardening/regression coverage to prevent drift.,S,Low,"Extend existing implementation paths in src/server/performance/request-cache.ts, src/server/performance/request-cache.ts and align behavior with expected FileMaker semantics.",Long sessions should avoid unbounded growth in cache and diagnostics buffers.,Stress tests with cache eviction assertions.,src/server/performance/request-cache.ts:1; src/server/performance/request-cache.ts:12; src/server/performance/request-cache.ts:17; src/server/performance/request-cache.ts:18; src/server/performance/request-cache.ts:25; src/server/performance/request-cache.ts:26
SC-001,Scripting & Events / Triggers,OnLayoutEnter/OnLayoutExit trigger hooks fire in deterministic order.,Implemented,Capability evidence is strong; recommend hardening/regression coverage to prevent drift.,S,Low,"Extend existing implementation paths in src/lib/triggers/index.ts, src/lib/triggers/index.ts and align behavior with expected FileMaker semantics.",OnLayoutEnter/OnLayoutExit trigger hooks fire in deterministic order.,Trigger sequencing tests across layout switch scenarios.,src/lib/triggers/index.ts:1; src/lib/triggers/index.ts:1; src/lib/triggers/index.ts:9; src/lib/triggers/index.ts:10; src/lib/triggers/index.ts:13; src/lib/triggers/index.ts:14
SC-002,Scripting & Events / Triggers,OnModeEnter/OnModeExit fire when switching browse/find/preview modes.,Implemented,Capability evidence is strong; recommend hardening/regression coverage to prevent drift.,S,Low,"Extend existing implementation paths in app/api/admin/config/route.ts, app/api/auth/me/route.ts and align behavior with expected FileMaker semantics.",OnModeEnter/OnModeExit fire when switching browse/find/preview modes.,Mode switch trigger tests with expected history order.,app/api/admin/config/route.ts:22; app/api/auth/me/route.ts:13; app/api/fm/container/route.ts:35; app/api/fm/find/route.ts:3; app/api/health/route.ts:16; src/lib/triggers/index.ts:1
SC-003,Scripting & Events / Triggers,Field focus and edit lifecycle triggers fire with predictable debounce semantics.,Implemented,Capability evidence is strong; recommend hardening/regression coverage to prevent drift.,S,Low,"Extend existing implementation paths in docs/script-triggers.md, docs/script-triggers.md and align behavior with expected FileMaker semantics.",Field focus and edit lifecycle triggers fire with predictable debounce semantics.,Input typing tests with OnObjectModify count and OnObjectExit commit interactions.,docs/script-triggers.md:28; docs/script-triggers.md:29; docs/script-triggers.md:30; scripts/generate-audit-artifacts.mjs:888; src/lib/trigger-policy.ts:1; src/lib/triggers/index.ts:1
SC-004,Scripting & Events / Triggers,OnRecordCommitRequest can cancel commit before persistence.,Implemented,Capability evidence is strong; recommend hardening/regression coverage to prevent drift.,S,Low,"Extend existing implementation paths in src/lib/trigger-policy.ts, src/lib/trigger-policy.ts and align behavior with expected FileMaker semantics.",OnRecordCommitRequest can cancel commit before persistence.,Commit request policy tests for veto and allow paths.,src/lib/trigger-policy.ts:1; src/lib/trigger-policy.ts:4; src/lib/trigger-policy.ts:9; src/lib/trigger-policy.ts:11; src/lib/trigger-policy.ts:19; src/lib/trigger-policy.ts:22
SC-005,Scripting & Events / Engine,Nested Perform Script calls preserve local $ vars per frame and shared $$ globals.,Implemented,Capability evidence is strong; recommend hardening/regression coverage to prevent drift.,S,Low,"Extend existing implementation paths in src/lib/runtime-kernel/script-engine.ts, src/lib/runtime-kernel/script-engine.ts and align behavior with expected FileMaker semantics.",Nested Perform Script calls preserve local $ vars per frame and shared $$ globals.,Nested script tests verifying scope isolation and return semantics.,src/lib/runtime-kernel/script-engine.ts:1; src/lib/runtime-kernel/script-engine.ts:139; src/lib/runtime-kernel/script-engine.ts:143; src/lib/runtime-kernel/script-engine.ts:212; src/lib/runtime-kernel/script-engine.ts:216; src/lib/runtime-kernel/variable-store.ts:1
SC-006,Scripting & Events / Engine,"Common script steps (go to layout, set field, commit, find, loop) execute deterministically.",Implemented,Capability evidence is strong; recommend hardening/regression coverage to prevent drift.,S,Low,"Extend existing implementation paths in src/lib/runtime-kernel/script-engine-advanced.test.mts, src/lib/runtime-kernel/script-engine-advanced.test.mts and align behavior with expected FileMaker semantics.","Common script steps (go to layout, set field, commit, find, loop) execute deterministically.",Script engine fixture tests for common step sequences and control flow.,src/lib/runtime-kernel/script-engine-advanced.test.mts:1; src/lib/runtime-kernel/script-engine-advanced.test.mts:105; src/lib/runtime-kernel/script-engine-advanced.test.mts:176; src/lib/runtime-kernel/script-engine-advanced.test.mts:180; src/lib/runtime-kernel/script-engine-advanced.test.mts:187; src/lib/runtime-kernel/script-engine.ts:1
SC-007,Scripting & Events / Engine,Set Error Capture controls halt/continue behavior and updates last error/message state.,Implemented,Capability evidence is strong; recommend hardening/regression coverage to prevent drift.,S,Low,"Extend existing implementation paths in src/lib/runtime-kernel/script-engine-advanced.test.mts, src/lib/runtime-kernel/script-engine-advanced.test.mts and align behavior with expected FileMaker semantics.",Set Error Capture controls halt/continue behavior and updates last error/message state.,Error capture tests with failing actions and nested scripts.,src/lib/runtime-kernel/script-engine-advanced.test.mts:1; src/lib/runtime-kernel/script-engine-advanced.test.mts:117; src/lib/runtime-kernel/script-engine-advanced.test.mts:275; src/lib/runtime-kernel/script-engine-advanced.test.mts:282; src/lib/runtime-kernel/script-engine-advanced.test.mts:283; src/lib/runtime-kernel/script-engine.ts:1
SC-008,Scripting & Events / Engine,Script-level transaction begin/commit/revert semantics stage and apply operations predictably.,Implemented,Capability evidence is strong; recommend hardening/regression coverage to prevent drift.,S,Low,"Extend existing implementation paths in src/lib/runtime-kernel/script-engine.ts, src/lib/runtime-kernel/script-engine.ts and align behavior with expected FileMaker semantics.",Script-level transaction begin/commit/revert semantics stage and apply operations predictably.,Transaction manager tests for partial failure rollback behavior.,src/lib/runtime-kernel/script-engine.ts:1; src/lib/runtime-kernel/script-engine.ts:273; src/lib/runtime-kernel/script-engine.ts:279; src/lib/runtime-kernel/script-engine.ts:283; src/lib/runtime-kernel/script-engine.ts:288; src/lib/runtime-kernel/transaction-manager.ts:1
SC-009,Scripting & Events / Engine,Unsupported local steps can bridge to server script execution with result propagation.,Implemented,Capability evidence is strong; recommend hardening/regression coverage to prevent drift.,S,Low,"Extend existing implementation paths in app/api/fm/capabilities/route.ts, app/api/fm/scripts/route.ts and align behavior with expected FileMaker semantics.",Unsupported local steps can bridge to server script execution with result propagation.,Script execution route tests for runtime fallback to /api/fm/scripts.,app/api/fm/capabilities/route.ts:22; app/api/fm/scripts/route.ts:1; app/api/fm/scripts/route.ts:6; app/api/fm/scripts/route.ts:33; app/api/fm/scripts/route.ts:42; app/api/fm/scripts/route.ts:72
SC-010,Scripting & Events / Debugger,Debugger supports stepping and call-stack inspection in dev workflows.,Implemented,Capability evidence is strong; recommend hardening/regression coverage to prevent drift.,S,Low,"Extend existing implementation paths in docs/script-engine-advanced.md, docs/script-engine-advanced.md and align behavior with expected FileMaker semantics.",Debugger supports stepping and call-stack inspection in dev workflows.,Debug-step tests confirm deterministic advancement and state snapshots.,docs/script-engine-advanced.md:1; docs/script-engine-advanced.md:1; docs/script-engine-advanced.md:7; docs/script-engine-advanced.md:8; docs/script-engine-advanced.md:10; docs/script-engine-advanced.md:12
SC-011,Scripting & Events / Debugger,Data Viewer displays current values and watch expressions in runtime context.,Implemented,Capability evidence is strong; recommend hardening/regression coverage to prevent drift.,S,Low,"Extend existing implementation paths in app/globals.css, app/globals.css and align behavior with expected FileMaker semantics.",Data Viewer displays current values and watch expressions in runtime context.,Data viewer tests for expression evaluation against current context.,app/globals.css:3447; app/globals.css:5345; app/globals.css:5353; app/globals.css:5370; docs/app-layer-parity-matrix.md:36; docs/script-triggers.md:1
SC-012,Scripting & Events / Integration,UI actions route to configured scripts with parameters and context.,Implemented,Capability evidence is strong; recommend hardening/regression coverage to prevent drift.,S,Low,"Extend existing implementation paths in src/lib/app-layer-menu.test.mts, src/lib/app-layer-menu.test.mts and align behavior with expected FileMaker semantics.",UI actions route to configured scripts with parameters and context.,Action dispatch tests for button/menu commands with parameter passing.,src/lib/app-layer-menu.test.mts:1; src/lib/app-layer-menu.test.mts:17; src/lib/app-layer-menu.test.mts:28; src/lib/app-layer-menu.test.mts:40; src/lib/app-layer-menu.test.mts:43; src/lib/app-layer-menu.test.mts:44
SC-013,Scripting & Events / Integration,Developers can see trigger firing order and outcomes in debug tools.,Implemented,Capability evidence is strong; recommend hardening/regression coverage to prevent drift.,S,Low,"Extend existing implementation paths in docs/find-mode.md, docs/fmcalc-lite.md and align behavior with expected FileMaker semantics.",Developers can see trigger firing order and outcomes in debug tools.,Debug snapshot tests include ordered trigger history and outcomes.,docs/find-mode.md:61; docs/fmcalc-lite.md:104; docs/foundset.md:24; docs/layout-fidelity.md:63; docs/phase-17-summary.md:34; src/lib/triggers/triggers.test.mts:1
SC-014,Scripting & Events / Integration,Plugin SDK can register custom script steps with validation and isolated failures.,Implemented,Capability evidence is strong; recommend hardening/regression coverage to prevent drift.,S,Low,"Extend existing implementation paths in src/plugins/manager.ts, src/plugins/manager.ts and align behavior with expected FileMaker semantics.",Plugin SDK can register custom script steps with validation and isolated failures.,Plugin SDK tests for custom step registration and execution isolation.,src/plugins/manager.ts:1; src/plugins/manager.ts:1; src/plugins/manager.ts:2; src/plugins/manager.ts:4; src/plugins/manager.ts:5; src/plugins/plugin-sdk.test.mts:1
SC-015,Scripting & Events / Integration,Script context resolves active window/layout/record correctly in multi-window sessions.,Implemented,Capability evidence is strong; recommend hardening/regression coverage to prevent drift.,S,Low,"Extend existing implementation paths in src/lib/runtime-kernel/context-stack.ts, src/lib/runtime-kernel/context-stack.ts and align behavior with expected FileMaker semantics.",Script context resolves active window/layout/record correctly in multi-window sessions.,Kernel tests for script context in focused and card windows.,src/lib/runtime-kernel/context-stack.ts:1; src/lib/runtime-kernel/context-stack.ts:1; src/lib/runtime-kernel/context-stack.ts:3; src/lib/runtime-kernel/context-stack.ts:5; src/lib/runtime-kernel/context-stack.ts:9; src/lib/runtime-kernel/kernel.ts:1
SE-001,Security / Auth,API requests derive authenticated user/role context before executing privileged actions.,Implemented,Capability evidence is strong; recommend hardening/regression coverage to prevent drift.,S,Low,"Extend existing implementation paths in middleware.ts, middleware.ts and align behavior with expected FileMaker semantics.",API requests derive authenticated user/role context before executing privileged actions.,Request guard tests for authenticated and unauthenticated API calls.,middleware.ts:1; middleware.ts:6; middleware.ts:50; middleware.ts:84; middleware.ts:111; src/server/security/request-context.ts:1
SE-002,Security / Auth,Deployment can use trusted-header SSO or JWT modes without client secrets.,Implemented,Capability evidence is strong; recommend hardening/regression coverage to prevent drift.,S,Low,"Extend existing implementation paths in src/server/security/jwt.ts, src/server/security/jwt.ts and align behavior with expected FileMaker semantics.",Deployment can use trusted-header SSO or JWT modes without client secrets.,Security hardening tests for JWT validation and trusted-header mode.,src/server/security/jwt.ts:1; src/server/security/jwt.ts:3; src/server/security/jwt.ts:9; src/server/security/jwt.ts:22; src/server/security/jwt.ts:25; src/server/security/middleware-auth.ts:1
SE-003,Security / Auth,Mutating API calls require valid CSRF cookie/header pairs when enabled.,Implemented,Capability evidence is strong; recommend hardening/regression coverage to prevent drift.,S,Low,"Extend existing implementation paths in src/server/security/csrf.ts, src/server/security/csrf.ts and align behavior with expected FileMaker semantics.",Mutating API calls require valid CSRF cookie/header pairs when enabled.,CSRF mismatch tests return 403 with guidance.,src/server/security/csrf.ts:1; src/server/security/csrf.ts:20; src/server/security/csrf.ts:33; src/server/security/csrf.ts:34; src/server/security/csrf.ts:36; src/server/security/request-context.ts:1
SE-004,Security / Auth,Request bursts are controlled and users receive retry guidance when throttled.,Implemented,Capability evidence is strong; recommend hardening/regression coverage to prevent drift.,S,Low,"Extend existing implementation paths in middleware.ts, middleware.ts and align behavior with expected FileMaker semantics.",Request bursts are controlled and users receive retry guidance when throttled.,Middleware rate-limit tests for 429 responses and retry-after headers.,middleware.ts:1; middleware.ts:63; middleware.ts:68; middleware.ts:69; middleware.ts:72; src/server/security/rate-limit.ts:1
SE-005,Security / Authorization,Every API route validates role permission for requested action.,Implemented,Capability evidence is strong; recommend hardening/regression coverage to prevent drift.,S,Low,"Extend existing implementation paths in src/server/security/authorization.ts, src/server/security/authorization.ts and align behavior with expected FileMaker semantics.",Every API route validates role permission for requested action.,Authorization denial tests for restricted actions.,src/server/security/authorization.ts:1; src/server/security/authorization.ts:59; src/server/security/request-context.ts:1; src/server/security/request-context.ts:3; src/server/security/request-context.ts:79; src/server/security/request-context.ts:86
SE-006,Security / Authorization,UI actions respect role-based runtime permissions for view/edit/delete operations.,Implemented,Capability evidence is strong; recommend hardening/regression coverage to prevent drift.,S,Low,"Extend existing implementation paths in src/lib/runtime-capabilities.ts, src/lib/runtime-capabilities.ts and align behavior with expected FileMaker semantics.",UI actions respect role-based runtime permissions for view/edit/delete operations.,Runtime capability tests for read-only and hidden field scenarios.,src/lib/runtime-capabilities.ts:1; src/lib/runtime-capabilities.ts:1; src/lib/runtime-capabilities.ts:8; src/lib/runtime-capabilities.ts:11; src/lib/runtime-capabilities.ts:13; src/lib/runtime-capabilities.ts:14
SE-007,Security / Audit,"Login, CRUD, script, routing, and management actions emit audit events.",Implemented,Capability evidence is strong; recommend hardening/regression coverage to prevent drift.,S,Low,"Extend existing implementation paths in src/server/audit-log.ts, src/server/audit-log.ts and align behavior with expected FileMaker semantics.","Login, CRUD, script, routing, and management actions emit audit events.",Audit log tests for event append and query filtering.,src/server/audit-log.ts:1; src/server/audit-log.ts:5; src/server/audit-log.ts:6; src/server/audit-log.ts:16; src/server/audit-log.ts:31; src/server/audit-log.ts:36
SE-008,Security / Audit,"Admin users can inspect health, metrics, and active diagnostics safely.",Implemented,Capability evidence is strong; recommend hardening/regression coverage to prevent drift.,S,Low,"Extend existing implementation paths in app/api/admin/console/route.ts, app/api/admin/console/route.ts and align behavior with expected FileMaker semantics.","Admin users can inspect health, metrics, and active diagnostics safely.",Admin endpoint role checks and payload schema tests.,app/api/admin/console/route.ts:1; app/api/admin/console/route.ts:3; app/api/admin/console/route.ts:13; app/api/admin/console/route.ts:20; app/api/admin/console/route.ts:24; src/server/admin-console.ts:1
SE-009,Security / Data Safety,Container fetch route rejects external host URLs to avoid leakage and SSRF risk.,Implemented,Capability evidence is strong; recommend hardening/regression coverage to prevent drift.,S,Low,"Extend existing implementation paths in app/api/fm/container/route.ts, src/server/filemaker-client.ts and align behavior with expected FileMaker semantics.",Container fetch route rejects external host URLs to avoid leakage and SSRF risk.,Container route tests for host mismatch rejection.,app/api/fm/container/route.ts:1; src/server/filemaker-client.ts:1; src/server/filemaker-client.ts:29; src/server/filemaker-client.ts:46; src/server/filemaker-client.ts:263; src/server/filemaker-client.ts:283
SE-010,Security / Governance,"Versioning, promote, rollback, and admin workflows are role-restricted.",Implemented,Capability evidence is strong; recommend hardening/regression coverage to prevent drift.,S,Low,"Extend existing implementation paths in app/api/workspaces/[workspaceId]/governance/route.ts, app/api/workspaces/[workspaceId]/governance/route.ts and align behavior with expected FileMaker semantics.","Versioning, promote, rollback, and admin workflows are role-restricted.",Governance tests for admin/developer/runtime role access differences.,app/api/workspaces/[workspaceId]/governance/route.ts:1; app/api/workspaces/[workspaceId]/governance/route.ts:8; app/api/workspaces/[workspaceId]/governance/route.ts:11; app/api/workspaces/[workspaceId]/governance/route.ts:12; app/api/workspaces/[workspaceId]/governance/route.ts:14; src/lib/governance-rbac.ts:1
